Business,Contact,Email,Phone
AFER Logistics,Tim Seymour,tim@aferlogistics.com.au,02 8528 2979
AkinCare,KC JOHNSON,hello@akincare.com.au,1300 140 473
Argosy Legal – George Ilk,George Ilk,george.ilk@argosylegal.com.au,0438 021 717
Aspire Accountants & Advisors, Reception,DruHenley@aspireaagroup.com.au,07 3203 5505
Australian Occupational Rehabilitation,Dominic  Mansell,dominic.mansell@aorehab.com.au,0475 587 255
Australian Property Lawyers,Timothy Knox,im@austpl.com.au,1800 995 718
Australian Space Centre,Michael Jones,info@asc.space,0414 402 166
Auto Happen Pty Ltd,Tristran Gordon,hello@autohappen.com.au,07 2000 5998
AVA Insurance Consulting Group,Anita Meuecke,anita@avaicg.com.au,0419 020 167
B2B Websites,Rob Buchel,rob@b2bwebsites.au,0435 661 080
Baseline Flooring,Taylor Lowe,accounts@baselineflooring.com.au,0481 715 442
Bayview Clinical Psychology,Adam Leis,admin@bayviewclinicalpsychology.com,07 3419 7946
Beneficence Care Support Services,Metuwero Faulkner,ndis@beneficencecare.com.au,1800 945 300
Black Cat Accounting,Jacqui Trumper,jacqui@blackcataccounting.com.au,0434 667 437
BnB Hosts Pty Ltd,Janelle Evans,mark@bnbhosts.com.au,1300 271 427
Brisbane Creative Web Studio,Kira Hansen,hello@brisbanecreativewebstudio.com.au,0458 812 250
Brisbane Insulation Guru,Josh Niven,josh@myinstallguru.com.au,0434 282 441
Burchills Engineering Solutions,Steve Coote,steve.coote@burchills.com.au,07 5509 6400
Business Pulse Accountants,Karamjit Grewal,admin@businesspulseaccountant.com,1300 651 220
Calm Caring Compassionate Counselling ,Donna Douglas,donna@ccccounselling.com.au,0419 863 770
Campion Legal Group,Jean-Remi Campion,campion@campionlegal.au,0412 701 234
Carole A Bone,Carol Bone,carole.bone@outlook.com,0422 664 588
ClaimHub Legal (WorkCover & Workplace Injury Specialists),Viktoria Teed,admin@claimhublegal.com.au,1300 390 394
Class Homes Australia,Marc Ribber,marc@ribber.org,0410 953 206
Crawl Media Pty Ltd,Steve Kuebler,steve@crawlmedia.com.au,0474 047 557
Disability Support Australia,Shania Dekkers,shania.dekkers@gmail.com,0416 219 393
Discount Craft,Christopher  Clinckers,accounts@discountcraft.com.au,08 9493 8000
Dreamer RV,Tara Cameron-Smith,hello@dreamerrv.com.au,0499 759 039
Elite Property Styling,Kellie Barridge,info@elitepropertystyling.com,0422 617 653
Estate Services Qld,Angie  Conde,admin@estateservicesqld.com.au,0417 000 041
External IT,Michael Targett,michael@externalit.com.au,07 4444 4520
Foodservice Guru (Magisterus),Adam Hawkes,admin@magisterus.com,0435 558 631
Freedom Biz Solutions (Aus),Alicia Afoa,alicia@freedombiz.com.au,0435 864 897
Fundd,Darren Law,darren@fundd.com.au,0447 237 760
Get Set Vocational Education and Training,Kate Taylor,kate@getset.edu.au,0415 532 100
Grant Legal and Mediation,Kate Grant,kate.grant@adrp.com.au,0474 047 557
GreenSpace Finance Pty Ltd,Will Burke,will.burke@greenspacefinance.com,0438 181 591
Greyson Legal,Raymond Duffy,mail@greysonlegal.com,0411 248 885
H3C Plus (Qld),Nicholas Churchill,nicholas.churchill@h3cplus.com.au,1300 169 806
Hark Communications,Sandra Simpson,sandra@harkcommunications.com.au,0401 520 101
Harvest Living,John Wimberley,john@harvestliving.au,0408 792 959
Helios Data Solutions,Edralin Canzon,rally@heliosdatasolutions.com.au,0403 344 415
HelloWorld Travel,Cathy Donaghy,cathy.strathpine@helloworld.com.au,07 3205 9033
Hillsberry Care,Irene Gomez,irene@hillsberrycare.com,0430 453 885
Houston Psychology,Le Houston,info@houstonpsychology.com.au,0428 807 730
Industrial Relations & Employment Solutions Australia,Linda Carlson,linda.carlson@iresa.com.au,0450 075 855
Inscape Therapy Services,Victoria  Martinez,inscapetherapyservices@gmail.com,0405 416 679
IW Legal,Xinran Du ,ivydu888@gmail.com,07 3102 3322
John Wimberley & Associates,John Wimberley,john@johnwimberley.com,0408 792 959
Journey On Travel,Sara Birtwhistle,sara@journeyon.com.au,1300 068 885
Kelie Barridge Properties,Kellie Barridge,kellie@kelliebarridgeproperties.com,0422 617 653
Kraft People Advisory,Debra Kraft,deb@kraftpeople.com.au,0431 995 864
Lawrence Sinclair Lawyers,Tina Lawrence,tina@lawrencesinclairlawyers.com.au,07 3285 6888
Lifestyle Villages Queensland Pty Ltd,John Wimberley,john@johnwimebrley.com,0408 792 959
Luova Group Pty Ltd,Rob Williams,rw07a@protonmail.com,0481 908 871
M&O Insurance Brokers Pty Ltd,Mans Olim,mans.olim@hotmail.com,0490 037 869
Magpie Family Law,Daniel Brownlie,daniel.brownlie@magpielaw.com.au,0434 287 244
Masaya Realty,Thecel Richardson,thecel@masayarealty.com.au,0425 385 049
Max Home Care,Pushpinder Kaur,pushpinder.nclex@gmail.com,0433 256 036
Maya Realty,Arun Chhikara,sales@mayarealty.com.au,0427 860 066
Mindful Building Solutions,Davina Williams,davina.maria.williams@gmail.com,0403 335 181
MQS Group Pty Ltd,Hamish Clifford,hamish@mqsgroup.com.au,0400 749 103
No Win No Pay Personal Injury Lawyers,Kate Denning,kdenning@dennings.com.au,07 3067 3026
NRM Regions Queensland,Chris Norman,chris@nrmrq.org.au,0419 790 943
Orion Spatial Solutions,David Hedgcock,davidh@orionss.com.au,07 3902 8161
Owen Graham Properties,Kathryn Owen,kathryn@ogproperties.com.au,0411 074 369
Pace Planning,Brooke Wildin,brooke@paceplanning.com.au,07 5453 7218
Pacific Investigations,Kerry Hamwood,contact@pacificinvestigations.com.au,0492 941 964
Parakletos,Leivi Mulitauaopele,leivi@parakletos.au,0452 454 221
Photography by Dominika,Dominika Lis,dom@dominika.photography,0414 982 398
ProForm Finance,Sally Tarbuck,sally@proformfinance.com.au,0414 293 706
Ramsey Agencies,Tony Ramsey,tony@ramseyagencies.com.au,0457 848 699
Regional Finance Solutions,David  Traynor,david.traynor@regfin.com.au,1800734346
Rehab Management ,Gillian Duffy,gduff@arribagroup.com.au,0459 670 370
Rise Above Tax,Naomi  Faraimo-Faivala,naomi@riseabovetax.com,0423 225 277
RSP Financial Advisers,Andrew Taveira,operations@rspfa.com.au,0468 971 817
Scarborough Psychology,Michael Rodriguez,scarboroughpsy@icloud.com,  
Settentrione Pty Ltd,John Wimberley,john@johnwimberley.com,0408 792 959
Social Impact Group Management Australia,Paul Brunyee,paul@sigma.net.au,0477 716 731
Sonik Ten,Richard Weeks,richard@sonikten.com,0424 287 418
State Roads,Zeljko Feliks,john@stateroads.com.au,0412 139 053
Steerwealth Management,Alex Steer,alex@steerwealth.com.au,0437 691 898
Talking Sleep Psychology,Tonia Martin,tonia@talkingsleep.com.au,1300 366 306
TBL Energy,George Ilk,george.ilk@argosylegal.com.au,0438 021 717
TENSEE Pty Ltd,Hayden Moore,admin@tensee.com.au,0472 863 377
The Nicholas Clinic PTY LTD,Chris Relph,admin@thenicholasclinic.com,1300 621 045
Tura Care & Support Services,Roslynne Bouraga,rj.boga@hotmail.com,0424 209 101
Unique Care Services,Azeez Alimi,info@uniquecareservicesqld.com.au,1800 289 244
Valeston Lawyers,Leo Strachan,admin@valestonlawyers.com.au,1300 103 070
Vana Wellness,Heidi Rubach,admin@vanawellness.com.au,0457 099 010
VB Home Loans,Vanessa Bragdon,vanessa@vbhomeloans.com.au,0413 377 917
VB Home Loans,Vanessa Bragdon,vanessa@vbhomeloans.com.au,0413 377 917
